{
  "src": [
    "audiosprite.ogg",
    "audiosprite.mp3"
  ],
  "sprite": {
    "battery low": [
      0,
      2918.2766439909296
    ],
    "camera off": [
      4000,
      2057.687074829932
    ],
    "camera on": [
      8000,
      2057.687074829932
    ],
    "changing task": [
      12000,
      3355.7596371882087
    ],
    "docking": [
      17000,
      2918.2766439909287
    ],
    "error": [
      21000,
      2918.2766439909287
    ],
    "find user": [
      25000,
      2918.2766439909287
    ],
    "fly to dock": [
      29000,
      2918.2766439909287
    ],
    "obstacle in course": [
      33000,
      3355.759637188207
    ],
    "pairing completed": [
      38000,
      2918.2766439909287
    ],
    "pairing started": [
      42000,
      2918.2766439909287
    ],
    "patrol short": [
      46000,
      2918.2766439909287
    ],
    "patrol": [
      50000,
      2918.2766439909287
    ],
    "ready": [
      54000,
      2918.2766439909287
    ],
    "setup complete": [
      58000,
      2918.2766439909287
    ],
    "starting to charge": [
      62000,
      2490.3854875283428
    ],
    "take off": [
      66000,
      2918.2766439909356
    ],
    "task in progress": [
      70000,
      3355.759637188214
    ],
    "thinking": [
      75000,
      2057.6870748299284
    ],
    "waiting": [
      79000,
      2918.2766439909356
    ]
  }
}