{
  "src": [
    "defaultSFX.ogg",
    "defaultSFX.mp3"
  ],
  "sprite": {
    "mario_1up": [
      0,
      1972.063492063492
    ],
    "mario_coin": [
      3000,
      1149.3877551020405
    ],
    "mario_pipe": [
      6000,
      5224.489795918366
    ]
  }
}